id.exposure	id.outcome	outcome	exposure	method	nsnp	b	se	pval	lo_ci	up_ci	or	or_lci95	or_uci95	outcome.pipename	exposure_threshold_pval
yLwDJh	ebi-a-GCST90016613	Major depressive disorder vs anorexia nervosa (ordinary least squares (OLS)) || id:ebi-a-GCST90016613	Anhedonia	Inverse variance weighted	39	0.00247772269214787	0.00101146274317825	0.01429978904195326	4.952557155184908e-4	0.00446018966877725	1.0024807947837573	1.000495378374879	1.0044701511191978	default	5e-5
yLwDJh	ebi-a-GCST009983	Trauma exposure in major depressive disorder || id:ebi-a-GCST009983	Anhedonia	Inverse variance weighted	38	-0.02746695338979478	0.01081408730418804	0.01108767498247956	-0.04866256450600334	-0.00627134227358622	0.9729068332951004	0.95250248362344	0.99374828154937	default	5e-5
yLwDJh	ebi-a-GCST009979	Major depressive disorder || id:ebi-a-GCST009979	Anhedonia	Inverse variance weighted	51	0.01222135292958728	0.00506308945795918	0.01578654701094858	0.00229769759198729	0.02214500826718728	1.0122963388283153	1.002300339322011	1.02239202901835	default	5e-5
yLwDJh	ukb-d-20446	Ever had prolonged feelings of sadness or depression || id:ukb-d-20446	Anhedonia	Inverse variance weighted	53	0.00386981961417049	0.00147084422330723	0.00851291885870247	9.869649364883056e-4	0.00675267429185267	1.003877317034195	1.0009874521466544	1.0067755250024109	default	5e-5
yLwDJh	ukb-d-20445	Depression possibly related to childbirth || id:ukb-d-20445	Anhedonia	Inverse variance weighted	53	0.0036164910716845	0.00177321368523176	0.04139892771181308	1.4099224863024047e-4	0.00709198989473876	1.0036230384660054	1.0001410021885044	1.007117197610793	default	5e-5
yLwDJh	ebi-a-GCST009981	Major depressive disorder in trauma-unexposed individuals || id:ebi-a-GCST009981	Anhedonia	Inverse variance weighted	51	0.02573856063894159	0.01018571230900258	0.01150651215062374	0.00577456451329653	0.04570255676458665	1.0260726576240675	1.0057912694500548	1.0467630120704656	default	5e-5
